{"frameRate":24,"version":"5.0","isGlobal":0,"name":"cartoonCarrot2","armature":[{"frameRate":24,"skin":[{"slot":[{"display":[{"userEdges":[],"edges":[0,1,1,2,2,3,3,4,4,5,5,6,6,7,7,0],"type":"mesh","triangles":[1,4,2,2,4,3,6,5,1,1,5,4,0,7,1,7,6,1],"width":37,"path":"嘴","height":29,"bonePose":[6,0.9993941304288929,0.034804770711454,-0.034804770711454,0.9993941304288929,8.05,-34.85],"uvs":[0.22703,0.19828,0.52838,0.28793,0.79595,0.21034,0.94459,0.35345,0.70541,0.84138,0.50135,0.9431,0.23378,0.6931,0.15135,0.29828],"slotPose":[0.9999999999999999,5.016820292524926e-15,-5.016820292524926e-15,0.9999999999999999,4.677267026528395,-35.65431341701798],"transform":{"y":-0.6864,"skX":-1.9946,"skY":-1.9946,"x":-3.3987},"vertices":[-10.1,-8.75,1.05,-6.15,10.95,-8.4,16.7,-4.25,7.6,9.9,0.05,12.85,-9.85,5.4,-12.9,-6.05],"weights":[1,6,1,1,6,1,1,6,1,1,6,1,1,6,1,1,6,1,1,6,1,1,6,1],"name":"嘴"}],"name":"嘴"},{"display":[{"userEdges":[],"edges":[0,1,1,2,2,3,3,4,4,5,5,6,6,7,7,8,8,9,9,10,10,11,11,12,12,13,13,14,14,15,15,16,16,17,17,18,18,19,19,20,20,21,21,22,22,23,23,0],"type":"mesh","triangles":[24,13,12,6,5,8,10,9,8,5,10,8,7,6,8,5,4,10,25,12,11,10,25,11,25,24,12,4,25,10,17,24,25,2,1,3,1,4,3,18,17,25,24,14,13,21,25,4,1,21,4,16,15,24,21,20,25,20,19,25,24,15,14,17,16,24,19,18,25,22,21,1,23,22,1,0,23,1],"width":80,"path":"rb1","height":128,"bonePose":[2,0.09318877197148834,0.9956484584322149,-0.9956484584322149,0.09318877197148834,-0.65,-101.7,7,-0.08985246973124741,0.9959550861776827,-0.9959550861776827,-0.08985246973124741,4.550000000000001,-51.599999999999994],"uvs":[0.01312,0.01133,0.3,0.00625,0.6725,0.00625,0.67688,0.11367,0.625,0.2125,0.73625,0.14375,0.88187,0.13672,0.97937,0.19023,0.9875,0.23945,0.89812,0.34063,0.8175,0.35313,0.885,0.48242,0.83688,0.64492,0.6525,0.93711,0.50687,1,0.33625,0.99648,0.19687,0.91133,0.09313,0.74258,0.03688,0.55664,0.01563,0.40547,0.06188,0.29336,0.09625,0.25547,0,0.15859,0.00313,0.04727,0.49381,0.82711,0.49693,0.44157],"slotPose":[0.9999999999999998,0,0,0.9999999999999998,3.595344932661445,-64.57069161652251],"transform":{"y":2.1162,"skX":-95.1551,"skY":-95.1551,"x":-12.8324},"vertices":[-38.95,-62.55,-16,-63.2,13.8,-63.2,14.15,-49.45,10,-36.8,18.9,-45.6,30.55,-46.5,38.35,-39.65,39,-33.35,31.85,-20.4,25.4,-18.8,30.8,-2.25,26.95,18.55,12.2,55.95,0.55,64,-13.1,63.55,-24.25,52.65,-32.55,31.05,-37.05,7.25,-38.75,-12.1,-35.05,-26.45,-32.3,-31.3,-40,-43.7,-39.75,-57.95,-0.5,41.87,-0.25,-7.48],"weights":[2,2,0.7976659134559425,7,0.20233408654405755,2,2,0.8815956508203555,7,0.1184043491796444,2,2,0.8558127870923129,7,0.14418721290768713,2,2,0.8925178715366456,7,0.10748212846335442,2,2,0.9274082167484197,7,0.07259178325158028,2,2,0.8606750705310651,7,0.13932492946893496,2,2,0.7726341369494822,7,0.2273658630505177,2,2,0.696190081292557,7,0.303809918707443,2,2,0.6633206064975175,7,0.3366793935024826,2,2,0.636334325637598,7,0.36366567436240205,2,2,0.675118647567202,7,0.3248813524327981,2,2,0.5285279286406988,7,0.4714720713593013,2,2,0.4852255174465045,7,0.5147744825534956,2,2,0.10125663050001472,7,0.8987433694999853,2,2,0.015350283829664755,7,0.9846497161703353,2,2,0.04185646115803589,7,0.9581435388419641,2,2,0.17360510352836345,7,0.8263948964716366,2,2,0.4142236739174175,7,0.5857763260825825,2,2,0.5217262067829642,7,0.4782737932170358,2,2,0.6209635075155122,7,0.3790364924844878,2,2,0.7397586067166073,7,0.26024139328339263,2,2,0.7908313035241051,7,0.20916869647589478,2,2,0.7872013067337786,7,0.21279869326622142,2,2,0.7978590444353191,7,0.20214095556468087,1,2,1,1,2,1],"name":"rb1"}],"name":"rb1"},{"display":[{"userEdges":[],"edges":[0,1,1,2,2,3,3,4,4,5,5,6,6,7,7,8,8,9,9,0],"type":"mesh","triangles":[5,4,6,4,7,6,3,2,4,4,2,7,2,8,7,1,9,8,2,1,8,1,0,9],"width":41,"path":"叶子2","height":48,"bonePose":[4,0.7226744181814395,-0.6911886032814184,0.6911886032814184,0.7226744181814395,0.35,-93.5],"uvs":[0.05,0.86979,0.12195,0.61354,0.12561,0.39375,0.26463,0.10938,0.59024,0.025,0.91463,0.11458,0.99268,0.36771,0.89024,0.59792,0.61463,0.81771,0.32439,0.92604],"slotPose":[1,0,0,1,15.004085878363886,-105.69829028392432],"transform":{"y":1.3133,"skX":43.7243,"skY":43.7243,"x":19.0215},"vertices":[-18.45,17.75,-15.5,5.45,-15.35,-5.1,-9.65,-18.75,3.7,-22.8,17,-18.5,20.2,-6.35,16,4.7,4.7,15.25,-7.2,20.45],"weights":[1,4,1,1,4,1,1,4,1,1,4,1,1,4,1,1,4,1,1,4,1,1,4,1,1,4,1,1,4,1],"name":"叶子2"}],"name":"叶子2"},{"display":[{"userEdges":[],"edges":[0,1,1,2,2,3,3,4,4,5,5,6,6,7,7,8,8,0],"type":"mesh","triangles":[3,1,2,3,6,1,6,0,1,6,7,0,7,8,0,4,6,3,4,5,6],"width":44,"path":"彩带","height":34,"bonePose":[3,-0.8693484293669187,0.49419966446495245,-0.49419966446495245,-0.8693484293669187,-16.85,-88.8],"uvs":[0.38636,1,0.88409,0.42059,0.96818,0.07794,0.46705,0.025,0.06023,0.00441,0,0.40882,0.31136,0.42794,0.15341,0.72206,0.20795,0.98088],"slotPose":[1,0,0,1,-38.243884662964206,-74.09424111020415],"transform":{"y":-2.2116,"skX":-150.383,"skY":-150.383,"x":25.8663},"vertices":[-5,17,16.9,-2.7,20.6,-14.35,-1.45,-16.15,-19.35,-16.85,-22,-3.1,-8.3,-2.45,-15.25,7.55,-12.85,16.35],"weights":[1,3,1,1,3,1,1,3,1,1,3,1,1,3,1,1,3,1,1,3,1,1,3,1,1,3,1],"name":"彩带"}],"name":"彩带"},{"display":[{"userEdges":[],"edges":[0,1,1,2,2,3,3,4,4,5,5,6,6,7,7,8,8,9,9,10,10,11,11,12,12,0],"type":"mesh","triangles":[6,9,7,9,8,7,5,4,6,4,9,6,3,9,4,3,10,9,2,1,3,1,10,3,1,0,10,0,12,11,0,11,10],"width":61,"path":"眼睛","height":39,"bonePose":[8,0.9999883313204858,0.004830861503963904,-0.004830861503963904,0.9999883313204858,7.800000000000001,-57.9],"uvs":[0.09836,0.40385,0.2,0.13333,0.4377,0.10513,0.54754,0.4141,0.66967,0.15,0.86066,0.12051,0.95246,0.34103,0.97049,0.78846,0.83443,0.95128,0.68197,0.73462,0.39918,0.73205,0.19016,0.96026,0.02787,0.77949],"slotPose":[1,-3.5492442318485473e-15,3.5492442318485473e-15,1,3.654674508754363,-56.93452901046061],"transform":{"y":0.9855,"skX":-0.2768,"skY":-0.2768,"x":-4.1406},"vertices":[-24.5,-3.75,-18.3,-14.3,-3.8,-15.4,2.9,-3.35,10.35,-13.65,22,-14.8,27.6,-6.2,28.7,11.25,20.4,17.6,11.1,9.15,-6.15,9.05,-18.9,17.95,-28.8,10.9],"weights":[1,8,1,1,8,1,1,8,1,1,8,1,1,8,1,1,8,1,1,8,1,1,8,1,1,8,1,1,8,1,1,8,1,1,8,1,1,8,1],"name":"眼睛"}],"name":"眼睛"},{"display":[{"type":"image","transform":{"y":-0.9149,"skX":1.7645,"skY":1.7645,"x":1.417},"name":"阴影","path":"阴影"}],"name":"阴影"},{"display":[{"userEdges":[],"edges":[0,1,1,2,2,3,3,4,4,5,5,6,6,7,7,8,8,9,9,0],"type":"mesh","triangles":[1,8,0,0,8,9,1,2,8,2,7,8,2,6,7,3,4,6,3,6,2,4,5,6],"width":57,"path":"叶子1","height":43,"bonePose":[5,-0.9995245296206787,-0.03083366158212897,0.03083366158212897,-0.9995245296206787,-1.7499999999999996,-93.4],"uvs":[0.9614,0.50465,0.73246,0.1407,0.38246,0.05465,0.10439,0.22791,0.02368,0.5186,0.0693,0.77209,0.26053,0.89884,0.55263,0.8907,0.75,0.68605,0.94561,0.77558],"slotPose":[1.0000000000000002,1.547373340571312e-15,-1.547373340571312e-15,1.0000000000000002,-22.24014479056098,-94.80179484268989],"transform":{"y":0.7693,"skX":178.2331,"skY":178.2331,"x":20.5236},"vertices":[26.3,0.2,13.25,-15.45,-6.7,-19.15,-22.55,-11.7,-27.15,0.8,-24.55,11.7,-13.65,17.15,3,16.8,14.25,8,25.4,11.85],"weights":[1,5,1,1,5,1,1,5,1,1,5,1,1,5,1,1,5,1,1,5,1,1,5,1,1,5,1,1,5,1],"name":"叶子1"}],"name":"叶子1"}],"name":""}],"defaultActions":[{"gotoAndPlay":"cartoonCarrot2"}],"ik":[],"canvas":{"height":150,"y":-63,"width":106,"x":-8},"type":"Armature","aabb":{"x":-65.4327735518531,"y":-142.07833042677896,"width":106.72603515118122,"height":154.12024896914775},"slot":[{"color":{},"name":"阴影","parent":"阴影"},{"z":1,"color":{},"name":"彩带","parent":"彩带"},{"z":2,"color":{},"name":"rb1","parent":"rb11"},{"z":3,"color":{},"name":"叶子2","parent":"叶子2"},{"z":4,"color":{},"name":"叶子1","parent":"叶子1"},{"z":5,"color":{},"name":"嘴","parent":"嘴"},{"z":6,"color":{},"name":"眼睛","parent":"眼睛"}],"name":"cartoonCarrot2","animation":[{"ik":[],"playTimes":0,"slot":[],"frame":[],"ffd":[],"name":"cartoonCarrot2","duration":16,"bone":[{"frame":[{"transform":{},"duration":9},{"transform":{},"duration":7}],"name":"root"},{"frame":[{"tweenEasing":0,"transform":{"y":-2.2863,