{"frameRate":24,"version":"5.0","isGlobal":0,"name":"cartoonCharacter2","armature":[{"frameRate":24,"skin":[{"slot":[{"display":[{"userEdges":[],"edges":[0,1,1,2,2,3,3,4,4,5,5,6,6,7,7,8,8,9,9,0],"type":"mesh","triangles":[9,2,1,0,9,1,10,3,2,9,10,2,8,10,9,10,4,3,10,6,4,8,7,10,7,6,10,6,5,4],"width":25,"path":"左手","height":28,"bonePose":[5,-0.7479667192870889,0.6637362328808856,-0.6637362328808856,-0.7479667192870889,-1.6,-58.95],"uvs":[0.786,0.04643,0.96,0.17679,0.896,0.375,0.698,0.67679,0.468,0.9,0.212,0.92143,0.106,0.78214,0.106,0.58214,0.338,0.38393,0.588,0.2,0.50477,0.52392],"slotPose":[1,0,0,1,-18.569176000609986,-44.769726313821295],"transform":{"y":0.6567,"skX":-138.4146,"skY":-138.4146,"x":22.1043},"vertices":[7.15,-12.7,11.5,-9.05,9.9,-3.5,4.95,4.95,-0.8,11.2,-7.2,11.8,-9.85,7.9,-9.85,2.3,-4.05,-3.25,2.2,-8.4,0.12,0.67],"weights":[1,5,1,1,5,1,1,5,1,1,5,1,1,5,1,1,5,1,1,5,1,1,5,1,1,5,1,1,5,1,1,5,1],"name":"左手"}],"name":"左手"},{"display":[{"userEdges":[],"edges":[0,1,1,2,2,3,3,4,4,5,5,6,6,7,7,8,8,9,9,10,10,11,11,12,12,13,13,14,14,0],"type":"mesh","triangles":[5,17,4,17,18,4,18,3,4,6,17,5,20,2,3,18,20,3,7,17,6,20,1,2,15,16,22,8,15,7,22,20,18,22,18,17,15,22,17,7,15,17,20,21,1,21,0,1,22,21,20,8,9,15,16,19,22,14,0,21,19,14,21,22,19,21,9,10,15,15,11,16,16,13,19,13,14,19,12,13,16,11,12,16,10,11,15],"width":77,"path":"头","height":77,"bonePose":[3,0.015886773342645585,-0.999873797252813,0.999873797252813,0.015886773342645585,-1.2000000000000002,-55.05],"uvs":[0.50325,0.95195,0.65195,0.92857,0.7987,0.84805,0.90974,0.71429,0.95584,0.51623,0.91818,0.32208,0.79351,0.14805,0.61299,0.04805,0.40455,0.04416,0.23117,0.12468,0.10325,0.26623,0.03896,0.47338,0.07532,0.69805,0.21558,0.86039,0.35455,0.94156,0.39205,0.42757,0.39725,0.61523,0.63686,0.43277,0.644,0.61329,0.41673,0.71653,0.61997,0.71264,0.52062,0.78796,0.52712,0.66523],"slotPose":[1,-1.3357370765021415e-15,1.3357370765021415e-15,1,-0.9379274306647535,-85.42306574418103],"transform":{"y":-0.2205,"skX":89.0897,"skY":89.0897,"x":30.3734},"vertices":[0.25,34.8,11.7,33,23,26.8,31.55,16.5,35.1,1.25,32.2,-13.7,22.6,-27.1,8.7,-34.8,-7.35,-35.1,-20.7,-28.9,-30.55,-18,-35.5,-2.05,-32.7,15.25,-21.9,27.75,-11.2,34,-8.31,-5.58,-7.91,8.87,10.54,-5.18,11.09,8.72,-6.41,16.67,9.24,16.37,1.59,22.17,2.09,12.72],"weights":[1,3,1,1,3,1,1,3,1,1,3,1,1,3,1,1,3,1,1,3,1,1,3,1,1,3,1,1,3,1,1,3,1,1,3,1,1,3,1,1,3,1,1,3,1,1,3,1,1,3,1,1,3,1,1,3,1,1,3,1,1,3,1,1,3,1,1,3,1],"name":"头"}],"name":"头"},{"display":[{"type":"image","transform":{"y":-0.8022,"x":-3.0713},"name":"投影","path":"投影"}],"name":"投影"},{"display":[{"userEdges":[],"edges":[0,1,1,2,2,3,3,4,4,5,5,6,6,7,7,8,8,9,9,10,10,11,11,0],"type":"mesh","triangles":[5,12,6,12,7,6,2,12,5,2,5,4,3,2,4,1,12,2,12,8,7,1,0,12,12,9,8,11,9,12,0,11,12,11,10,9],"width":31,"path":"身体","height":41,"bonePose":[2,6.123233995736766e-17,1,-1,6.123233995736766e-17,-1,-64.7],"uvs":[0.16935,0.0378,0.27742,0.01341,0.61452,0.01585,0.81774,0.06463,0.91129,0.17073,0.92742,0.27805,0.95161,0.90976,0.76452,0.96707,0.46452,0.98171,0.23065,0.97561,0.01935,0.92439,0.02258,0.75,0.49645,0.61561],"slotPose":[1,0,0,1,-0.49000620468567035,-40.94016297077009],"transform":{"y":-0.51,"skX":-90,"skY":-90,"x":23.7598},"vertices":[-10.25,-18.95,-6.9,-19.95,3.55,-19.85,9.85,-17.85,12.75,-13.5,13.25,-9.1,14,16.8,8.2,19.15,-1.1,19.75,-8.35,19.5,-14.9,17.4,-14.8,10.25,-0.11,4.74],"weights":[1,2,1,1,2,1,1,2,1,1,2,1,1,2,1,1,2,1,1,2,1,1,2,1,1,2,1,1,2,1,1,2,1,1,2,1,1,2,1],"name":"身体"}],"name":"身体"},{"display":[{"userEdges":[],"edges":[0,1,1,2,2,3,3,4,4,5,5,6,6,7,7,0],"type":"mesh","triangles":[5,4,3,7,6,2,5,3,2,6,5,2,7,2,1,0,7,1],"width":18,"path":"右脚","height":24,"bonePose":[7,0.378792293446753,0.925481711556392,-0.925481711556392,0.378792293446753,-1.2000000000000002,-33.3],"uvs":[0.13333,0.07708,0.825,0.04167,0.83889,0.51458,0.73611,0.93958,0.58889,0.97292,0.37222,0.93542,0.19444,0.55625,0.08889,0.18958],"slotPose":[1,5.551115123125783e-17,-5.551115123125783e-17,1,6.526511643562751,-15.695292138746794],"transform":{"y":-0.4822,"skX":-67.7411,"skY":-67.7411,"x":19.2196},"vertices":[-6.6,-10.15,5.85,-11,6.1,0.35,4.25,10.55,1.6,11.35,-2.3,10.45,-5.5,1.35,-7.4,-7.45],"weights":[1,7,1,1,7,1,1,7,1,1,7,1,1,7,1,1,7,1,1,7,1,1,7,1],"name":"右脚"}],"name":"右脚"},{"display":[{"userEdges":[],"edges":[0,1,1,2,2,3,3,4,4,5,5,6,6,7,7,8,8,9,9,10,10,11,11,12,12,13,13,0],"type":"mesh","triangles":[14,8,5,5,8,6,8,7,6,14,5,4,3,14,4,14,9,8,2,14,3,14,10,9,1,12,2,11,14,2,12,11,2,11,10,14,0,13,1,13,12,1],"width":22,"path":"右手","height":28,"bonePose":[6,0.6666539790614721,0.7453673404446337,-0.7453673404446337,0.6666539790614721,-1,-63.05],"uvs":[0.13864,0.06429,0.35,0.1875,0.52045,0.32679,0.72955,0.43393,0.88864,0.53929,0.92727,0.64821,0.91136,0.78393,0.82273,0.87857,0.68409,0.90179,0.48409,0.88929,0.25455,0.69464,0.13864,0.51786,0.08636,0.375,0.09091,0.08036,0.48554,0.5478],"slotPose":[1,0,0,1,15.468173357246807,-45.388348737388235],"transform":{"y":-0.5006,"skX":-48.1907,"skY":-48.1907,"x":24.143},"vertices":[-7.95,-12.2,-3.3,-8.75,0.45,-4.85,5.05,-1.85,8.55,1.1,9.4,4.15,9.05,7.95,7.1,10.6,4.05,11.25,-0.35,10.9,-5.4,5.45,-7.95,0.5,-9.1,-3.5,-9,-11.75,0.38,2.14],"weights":[1,6,1,1,6,1,1,6,1,1,6,1,1,6,1,1,6,1,1,6,1,1,6,1,1,6,1,1,6,1,1,6,1,1,6,1,1,6,1,1,6,1,1,6,1],"name":"右手"}],"name":"右手"},{"display":[{"userEdges":[],"edges":[0,1,1,2,2,3,3,4,4,5,5,6,6,7,7,0],"type":"mesh","triangles":[7,3,2,0,7,2,0,2,1,6,4,3,7,6,3,6,5,4],"width":16,"path":"左脚","height":24,"bonePose":[4,-0.3745999229360872,0.9271865495876638,-0.9271865495876638,-0.3745999229360872,-1.4,-32.65],"uvs":[0.125,0.03125,0.925,0.05417,0.94375,0.17708,0.77812,0.65,0.5625,0.95208,0.3125,0.9625,0.14687,0.84792,0.1,0.31458],"slotPose":[0.9999999999999998,0,0,0.9999999999999998,-8.748554817980192,-15.96173127756984],"transform":{"y":0.5621,"skX":-111.9996,"skY":-111.9996,"x":18.2259},"vertices":[-6,-11.25,6.8,-10.7,7.1,-7.75,4.45,3.6,1,10.85,-3,11.1,-5.65,8.35,-6.4,-4.45],"weights":[1,4,1,1,4,1,1,4,1,1,4,1,1,4,1,1,4,1,1,4,1,1,4,1],"name":"左脚"}],"name":"左脚"}],"name":""}],"defaultActions":[{"gotoAndPlay":"cartoonCharacter2"}],"ik":[],"type":"Armature","aabb":{"x":-39.091260763998086,"y":-121.94306574418104,"width":77,"height":131.59088245943718},"slot":[{"color":{},"name":"投影","parent":"投影"},{"z":1,"color":{},"name":"右脚","parent":"右脚"},{"z":2,"color":{},"name":"左脚","parent":"左脚"},{"z":3,"color":{},"name":"右手","parent":"右手"},{"z":4,"color":{},"name":"左手","parent":"左手"},{"z":5,"color":{},"name":"头","parent":"头"},{"z":6,"color":{},"name":"身体","parent":"身体"}],"name":"cartoonCharacter2","animation":[{"ik":[],"playTimes":0,"slot":[],"frame":[],"ffd":[],"name":"cartoonCharacter2","duration":18,"bone":[{"frame":[{"transform":{},"duration":18}],"name":"root"},{"frame":[{"tweenEasing":0,"transform":{},"duration":10},{"tweenEasing":0,"transform":{"y":-11.0607,"x":0.4174},"duration":8},{"transform":{},"duration":0}],"name":"身体"},{"frame":[{"transform":{},"duration":18}],"name":"头"},{"frame":[{"tweenEasing":0,"transform":{},"duration":10},{"tweenEasing":0,"transform":{"skX":30.7081,"skY":30.7081},"duration":8},{"transform":{},"duration":0}],"name":"左手"},{"frame":[{"tweenEasing":0,"transform":{},"duration":10},{"tweenEasing":0,"transform":{"skX":-33.3356,"skY":-33.3356},"duration":8},{"transform":{},"duration":0}],"name":"右手"},{"frame":[{"tweenEasing":0,"transform":{},"duration":10},{"tweenEasing":0,"transform":{"y":-2.3556,"skX":18.8466,"skY":18.8466,"x":3.1618},"duration":8},{"transform":{},"duration":0}],"name":"左脚"},{"frame":[{"tweenEasing":0,"transform":{},"duration":10},{"tweenEasing":0,"transform":{"y":1.4506,"skX":-16.2431,"skY":-16.2431,"x":3.2114},"duration":8},{"transform":{},"duration":0}],"name":"右脚"},{"frame":[{"tweenEasing":0,"transform":{},"duration":10},{"tweenEasing":0,"transform":{"scX":0.6726,"scY":0.6726},"duration":8},{"transform":{},"duration":0}],"name":"投影"}]}],"bone":[{"transform":{},"name":"root"},{"length":17,"parent":"root","transform":{"y":-1.05,"x":0.45},"name":"投影"},{"length":40,